,France,Italy,Portugal,Spain,Austria,Bel-Lux,Denmark,Finland,Germany,Greece,Ireland,Netherlands,Sweden,Switzerland,United Kingdom,Other WEM,Bulgaria,Croatia,Georgia,Hungary,Moldova,Romania,Russia,Ukraine,Other ECA,Australia,New Zealand,Canada,United States,Argentina,Brazil,Chile,Mexico,Uruguay,Other LAC,Algeria,Morocco,South Africa,Tunisia,Turkey,Other AME,China,Hong Kong,India,Japan,Korea,Malaysia,Philippines,Singapore,Taiwan,Thailand,Other Asia Pacific,Other,World,,Coeff. of variation,Norway
1930,"81,651", 688 ,,86,,,,,,,,,,,25737,,,,,,,,,,,361,,,,,, 162 ,,,,"1,386","1,668",,,,,,,,,,,,,,,,,216586,,2.06,
1931,"113,390", 556 ,,26,2627,9182,,,,,,,,16013,23702,,,,,,,,,,,41,,,,546,, 71 ,,,,"1,047",,,,,,,,,,,,,,,,,,209310,,2.20,
1932,"88,380", 215 ,,27,1524,7110,,,,,,,,14379,13064,,,,,,,,,,,14,,,,654,, 28 ,,,,838,,,,,,,,,,,,,,,,,,163777,,2.27,
1933,"156,400", 256 ,,75,563,5650,,,,,,,,15686,20009,,,,,,,,,,,54,,,,547,, 7 ,,,,"1,482",,,,,,,,,,,,,,,,,,256610,,2.54,
1934,"121,712", 500 ,,62,466,4797,,,,,,,,13072,25214,,,,,,,,,,,105,,,,266,, 27 ,,,,"1,590",,,,,,,,,,,,,,,,,,236077,,2.37,
1935,"86,026", 465 ,,23,,,,,,,,,,,27166,,,,,,,,,,,137,,,,,, 18 ,,,,"1,636",,,,,,,,,,,,,,,,,,181327,,1.95,
1936,"95,120", 225 ,,,,,,,,,,,,,31312,,,,,,,,,,,118,,,,,, 38 ,,,,"1,848",,,,,,,,,,,,,,,,,,200102,,1.78,
1937,"94,020", 237 ,,,,,,,,,,,,,30153,,,,,,,,,,,131,,,,,, 51 ,,,,"1,112",,,,,,,,,,,,,,,,,,200302,,1.80,
1938,"93,358", 179 ,,,,,,,,,,,,7570,25917,,,,,,,,,,,151,,,,,, 57 ,,,,717,,,,,,,,,,,,,,,,,,196693,,1.88,
1939,, 161 ,,,,,,,,,,,,,24390,,,,,,,,,,,130,,,,,, 50 ,,,,,,,,,,,,,,,,,,,,,,102308,,1.96,
1940,, 102 ,,1,,,,,,,,,,,18001,,,,,,,,,,,87,,,,,, 33 ,,,,,,,,,,,,,,,,,,,,,,101976,,2.20,
1941,, 111 ,,0,,,,,,,,,,,3226,,,,,,,,,,,18,,,,,, 24 ,,,,,,,,,,,,,,,,,,,,,,147208,,2.11,
1942,, 92 ,,0,,,,,,,,,,,1614,,,,,,,,,,,0,,,,,, 40 ,,,,,,,,,,,,,,,,,,,,,,144081,,2.03,
1943,, 101 ,,0,,,,,,,,,,,2018,,,,,,,,,,,0,,,,,, 26 ,,,,,,,,,,,,,,,,,,,,,,144630,,2.07,
1944,,,,0,,,,,,,,,,,3632,,,,,,,,,,,3,,,,,, 32 ,,,,,,,,,,,,,,,,,,,,,,78058,,1.97,
1945,,,,0,,,,,,,,,,,11689,,,,,,,,,,,0,,,,,, 79 ,,,,,,,,,,,,,,,,,,,,,,72071,,1.98,
1946,, 28 ,,2,,,,,,,,,,,29435,,,,,,,,,,,5,,,,,, 99 ,,,,,,,,,,,,,,,,,,,,,,83125,,2.22,
1947,, 35 ,,1,,,,,,,,,,,41499,,,,,,,,,,,35,,,,,, 117 ,,,,,,,,,,,,,,,,,,,,,,91326,,2.22,
1948,, 75 ,,0,,,,,,,,,,16312,42725,,,,,,,,,,,201,,,,,, 37 ,,,689,,,,,,4374,,,,,,,,,,,,,378928,,1.87,
1949,, 730 ,,3,,,,,,,,,,,30882,,,,,,,,,,,278,,,,,,,,,,,,,,,,,,,,,,,,,,,,192949,,1.92,
1950,, 557 ,,2,,,,,,,,,,14477,26656,,,,,,,,,,,121,,,,,, 0 ,,,,,,,,,5753,,,,,,,,,,,,,325887,,1.51,
1951,, 890 ,,4,,,,,18421,,,,,15249,34164,,,,,,,,,,,218,,,,,, 30 ,,,,,,,,,6756,,,,,,,,,,,,,324817,,1.31,
1952,185734, 878 ,,3,,14604,,,23348,,1344,,,15279,27272,,,,,,,,,,,371,,,,,, 93 ,,,1103,,,,,,9041,,,,,,,,,,,,,347338,,2.24,
1953,166457," 1,079 ",,16,,13686,,,26000,,1344,,,15764,28784,,,,,,,,,,,37,,,,,, 48 ,,,1123,,,,,,9483,,,,,,,,,,,,,349844,,2.12,
1954,195939," 1,117 ",,6,,15228,,,27500,,1596,,,17148,33292,,,,,,,,,,,188,,,,,, 53 ,,,1043,,,,,,9910,,,,,,,,,,,,,376816,,2.18,
1955,233563," 1,359 ",,4,,15116,,,30500,,1848,,,17476,37800,,,,,,,,,,,283,,,,,, 63 ,,,1060,,,,,,8645,,,,,,,,,,,,,436420,,2.27,
1956,210898," 1,501 ",,5,,16714,,,46100,,,,,19500,39088,,,,,,,,,,,237,,,,,, 58 ,,,940,,,,,,10445,,,,,,,,,,,,,450220,,1.96,
1957,302867," 1,536 ",,5,,18428,,,43800,,,,,24457,46032,,,,,,,,,,,166,,,,,, 34 ,,,1021,,,336,,,12579,,,,,,,,,,,,,580285,,2.27,
1958,392401," 1,741 ",,7,,17526,,,49600,,,,,26807,44044,,,,,,,,,,,258,,,,,, 33 ,,,1283,,,308,,,12918,,,,,,,,,,,,,694825,,2.43,
1959,238440," 1,993 ",,3,,17196,,,46600,,,,,21152,50960,,,,,,,,,,,272,,,,,, 38 ,,,800,,,308,,,13424,,,,,,,,,,,,,540309,,2.06,
1960,271849," 2,628 ",,94,,19492,,,51700,,,,,23433,60872,,,,,,,,,,,291,,,,,, 163 ,,,350,,,,,,13580,,,,,,,,,,,,,630140,,1.97,
1961,247208," 3,084 ",89,143,6757,19948,4966,1579,61815,50,2236,8707,9335,25083,65441,2201,,,,2503,,540,24766,,2676,459,828,7373,45189,237,887, 62 ,248,42,4598,,619,304,129,2,35856,0,550,95,492,,568,1,500,0,173,2221,,606330,,2.97,
1962,272841," 3,825 ",70,148,5781,19436,5549,2039,87083,47,2402,9131,9202,29584,63247,2388,,,,1559,,1131,26951,,4459,466,534,7667,39399,112,452, 30 ,352,,5102,,328,299,102,9,36098,0,570,45,343,,560,91,504,0,132,2326,,660266,,2.99,
1963,170895," 5,682 ",85,193,7724,22014,5503,1997,88542,74,2650,9390,9715,33324,71813,2205,279,,,1611,,395,38981,,4894,501,791,7732,39792,36,433, 23 ,365,4,6001,,436,461,138,0,36067,0,641,40,685,,535,73,526,6,152,2346,,590378,,2.42,
1964,219056," 4,581 ",105,316,4778,24847,6704,2126,89712,64,3097,11504,11340,33194,80367,2262,1,,,926,,665,53793,,7728,550,825,9834,46205,11,369, 23 ,604,16,6355,,509,1775,79,4,38452,0,551,54,758,,568,53,503,2,121,2683,,686812,,2.55,
1965,167242," 5,188 ",107,408,4567,29516,7418,2243,97762,66,3462,13514,10512,35456,73803,2646,922,,,326,,343,68403,,4659,725,1016,11460,49866,1,260, 25 ,328,9,7577,,457,2060,52,1,39361,0,647,92,323,8,532,88,683,2,142,3254,,668431,,2.28,
1966,168354," 7,397 ",128,430,7030,30690,8006,2488,116445,98,2972,14998,9734,36658,76728,2946,11,,,5126,,1845,78136,,6584,729,1081,12275,62468,1,439, 23 ,359,,10458,,318,382,79,2,42081,0,621,36,552,14,537,70,715,8,197,3663,,738130,,2.18,
1967,86128," 10,871 ",122,644,7113,32239,8066,2863,104204,110,3220,17255,11595,39584,89299,2795,600,,,10126,,1120,92064,,8577,913,801,13056,70175,56,1188, 1 ,556,,8718,,305,552,,6,43888,0,884,35,670,24,472,134,625,19,214,3643,,701216,,1.88,
1968,68363," 13,027 ",134,637,5721,35168,8145,2734,114734,99,3529,19389,13315,41836,96794,3667,7400,,,4814,,1500,111972,,11409,1581,1063,10641,83588,124,2406,19,549,,10968,309,466,678,5,1,46931,0,862,226,727,15,534,148,756,19,261,4005,,760388,,1.94,
1969,106071," 14,801 ",114,739,4448,38903,9478,2641,135228,115,3672,24359,13157,46288,84072,4034,3100,,,1597,,370,156681,,18067,2224,1450,21649,96526,174,887,11,472,7,12419,112,379,744,22,13,45452,0,969,125,805,8,529,218,924,39,241,4415,,890611,,2.05,
1970,168549," 17,539 ",210,672,4412,44150,12361,3334,175494,293,4214,29625,14695,53208,91803,4251,2700,,,1218,,350,176303,,17517,2239,1386,23933,123513,147,1344,9,599,4,15923,91,606,934,12,0,49095,0,1325,29,2139,19,534,87,1126,15,127,4757,,1084521,,2.11,
1971,92673," 29,113 ",225,489,5397,56275,13576,3288,205680,316,4320,35042,15588,60878,117660,4590,3100,,,3908,,360,216360,,14627,3080,1633,28053,138811,71,1629,,1969,1,14021,92,444,1081,32,0,40625,0,1554,41,1769,36,562,179,1390,278,111,6272,,1158336,,2.10,
1972,161537," 41,117 ",277,2416,9469,82628,17209,4323,271416,327,6051,52553,22880,81465,174354,5794,6800,,,3730,,380,250730,,24207,3745,2275,29759,182913,50,2883,3,3211,1,15734,93,383,825,71,0,42116,0,1816,46,3742,39,619,115,1285,12,193,7562,,1553427,,2.07,
1973,223756," 79,083 ",539,19319,15072,112830,42452,6829,345552,5542,10442,79304,23927,128128,327082,8322,7300,,,4148,,960,262616,,30404,6279,3072,59854,275541,,4972,,4019,2,17319,77,625,1148,194,24,52469,0,3616,42,23946,69,1130,191,2261,299,329,9999,,2241945,,1.89,
1974,166545," 52,265 ",383,960,14766,114066,30470,7783,317672,4042,8465,99619,30481,119730,292948,9149,7000,,,2121,,1300,330625,,24014,10991,4631,58950,247448,,5848,1,4649,2,20695,1,615,6128,179,14,56677,0,2770,65,35782,111,1338,319,2401,132,353,10562,,2145937,,1.93,
1975,251109," 35,254 ",88,1723,24060,152751,41260,7016,380292,348,9765,117896,39116,112912,248024,9850,15000,,,4653,,1446,426617,,27215,10876,4910,75489,235964,9,5131,8,3837,31,23016,201,483,8282,55,15,66077,0,2698,152,8556,43,968,439,2189,9,324,9885,,2421997,,2.00,
1976,219443," 39,745 ",44,1811,14700,145834,50775,6317,401442,533,10533,121599,38887,113572,238849,9761,12000,,,6213,,2000,414050,,35980,12505,3490,76943,291442,7,6625,280,5563,18,31507,158,639,1262,145,25,58318,0,4091,87,18855,46,963,689,2438,53,515,9581,,2462403,,1.99,
1977,243061," 47,578 ",114,2316,13033,194092,53465,6650,478522,530,12681,145808,48131,132057,306975,12974,19700,,,7379,,11000,434718,,46408,14447,3869,108797,358548,377,7617,2746,4289,165,39114,165,905,1455,161,1,60220,0,4517,161,27347,142,1172,983,3104,0,780,11169,,2911454,,1.94,
1978,329393," 62,445 ",88,2697,15217,236444,70409,7742,595093,947,17755,193486,49488,203632,410028,14190,11500,,,6775,,11000,497749,,47708,18089,4009,123769,557304,1106,11930,1200,5477,230,52446,,917,2214,91,0,68567,0,6389,162,30019,407,1640,1408,3968,276,888,13169,,3759140,,1.95,
1979,390069," 80,616 ",196,2205,18510,305796,83815,8204,774133,724,24635,233529,65377,243867,614075,23053,5050,,,10976,,3900,574395,,51017,23814,4813,118747,611613,13582,14773,425,12671,659,53492,3,625,2299,25,0,68852,0,9085,128,51724,899,2242,1675,5005,267,1229,16567,,4607280,,1.99,
1980,321233," 89,932 ",221,2943,19874,324500,85341,9688,869699,708,24451,263779,70315,275606,607565,22850,7700,,,5847,,5400,648356,,76073,23791,6150,135095,677622,5541,10205,1692,19440,839,72341,3,529,2504,,0,77075,0,9347,169,53397,333,2302,1856,6271,284,964,17143,,4908926,,1.98,
1981,281360," 73,775 ",309,3754,17903,262405,81289,8040,798795,680,22998,223377,61855,279169,600566,22606,14200,,,10112,,5500,587121,,39531,20622,7165,134410,734319,1630,7733,3308,22883,876,79531,,630,4061,239,0,78645,0,11042,92,52921,280,2708,1726,6590,448,1268,15332,,4645087,,2.01,
1982,267312," 51,699 ",313,3450,18696,240020,81921,7788,752958,667,18666,224546,62721,254523,545722,16217,13800,,,15635,,2200,618272,,40445,23519,11786,145832,756019,465,7063,164,9792,342,74729,160,409,3811,264,0,81848,0,11514,137,56205,232,1765,2151,6378,212,1294,15127,,4529067,,2.05,
1983,210924," 41,466 ",157,4442,14462,235781,82254,8238,743652,968,17684,207932,60415,200391,625996,20864,7200,,,6431,,1550,671203,,55574,21671,8511,125294,934689,,6369,96,169,107,53671,,232,4188,149,0,70419,0,10198,176,62178,304,2062,1742,6284,477,1599,14532,,4590001,,2.16,
1984,200228," 43,847 ",184,2995,14522,214316,85053,7516,651241,915,19469,210914,57403,199303,641416,19773,4850,,,5142,,1600,687876,,44320,27860,10645,166334,1064363,,3163,168,98,265,56141,88,363,5477,48,148,69289,0,10515,150,68125,671,2122,553,8305,765,1581,14271,,4669229,,2.23,
1985,238331," 74,912 ",176,3348,16859,229170,98855,7229,702302,971,21739,224026,61230,221643,744343,26110,1100,,,16486,,1800,624160,,49696,40470,12393,147632,1125527,,7176,107,559,307,48388,14,441,2649,67,0,77164,0,12054,1500,73388,454,3921,1144,5961,483,1657,12705,,4987939,,2.20,
1986,228534," 101,934 ",866,9313,25435,306302,135114,13199,944439,950,31465,311054,90546,309638,996953,35545,180,,,25536,,,417247,,60599,46410,12302,181439,1101330,,11947,169,1867,398,52324,,435,2665,94,18,71136,460,18020,531,76586,793,3302,1027,7630,415,2052,18872,,5724890,,2.08,
1987,270729," 133,382 ",1590,18162,38688,414083,162969,17192,1167552,2432,35097,367543,112537,389368,1185671,45297,90,,,13148,,,329371,,54442,37585,9293,206346,1048238,28,7940,218,5954,652,59937,,820,2952,94,118,68722,480,23454,513,135793,648,3590,2819,9952,501,2599,21379,,6471813,,2.07,
1988,336495," 147,421 ",2553,23352,38140,440392,172840,19920,1332645,3466,37465,387106,125381,426595,1326351,49733,2500,,,10059,,,312607,,50879,41358,11013,204884,1026676,19,11040,183,11307,431,63614,,863,3097,157,699,75864,767,21239,717,"215,702 ",3810,4632,2758,13189,6402,4512,25292,,7067989,,2.07,
1989,345827," 177,806 ",77361,20287,41876,430510,160006,22539,1318516,7055,37965,382928,136596,444465,1351686,41456,1900,,,4091,,,361418,,42010,46871,25306,275819,1006407,238,17517,234,17037,437,50538,,"2,731",3268,277,280,86869,374,24751,673,"314,581 ",3131,2656,2205,14856,6108,4481,26275,,7365954,,1.97,
1990,391462," 218,649 ",13705,25759,55852,579708,211457,33985,1529902,10642,50354,464710,155112,536955,1682325,54949,3200,,,8366,,7423,284904,,32631,52692,28954,295505,988053,524,19097,252,24266,669,60391,6,"2,691",3296,337,87,98796,417,27407,891,"400,419 ",4889,4131,1677,21011,7546,6041,29833,,8476010,,2.06,
1991,415471," 227,185 ",6975,32542,57654,589722,221831,41553,1625301,13495,51266,496961,146323,492116,1543183,57480,700,,,4423,,7302,190000,,15565,46779,35552,280771,984663,2944,17707,409,26000,1613,67848,8,"2,150",2519,252,101,106507,299,27319,260,"336,253 ",3411,5475,1445,35143,7385,5438,28601,,8302030,,2.07,
1992,440633," 215,068 ",9045,39146,57248,687807,266312,41168,1693106,11202,44043,564579,169116,463950,1599437,61318,2655,8875,120,3842,900,9748,110198,12700,46529,45649,25787,294500,1160207,6697,12329,774,33245,2573,79482,81,"2,030",2928,522,625,160882,679,31523,541,"331,682 ",5643,4499,1817,38668,8566,6274,33359,,8851949,,2.16,
1993,362901," 123,299 ",17184,1872,47903,629324,217578,35486,1302958,10898,45336,423798,174599,408455,1448000,55599,1918,4649,700,3118,2000,4645,226221,18300,75211,46984,31468,288602,1038873,14854,23674,626,30383,2840,84589,136,"1,853",3108,732,443,92266,1576,33057,370,"267,243 ",5844,3564,2355,31990,8608,7015,37190,,7725003,,2.10,
1994,433648," 132,796 ",64370,43558,46530,608612,254929,39885,1388239,9907,58719,513862,262621,455901,1692764,65183,4191,1995,68,3035,1359,1646,272289,11500,114143,47637,41274,307397,1121675,19041,43877,588,36452,3332,85773,39,"5,589",4065,600,562,105525,586,34918,872,"364,858 ",8103,4585,3275,47880,16575,7976,38272,,8835204,,2.04,
1995,500049," 158,949 ",53373,102068,73650,713965,303469,66693,1435203,11043,68387,466041,173118,570178,1697965,84226,10500,2224,1350,1853,7602,4244,515230,16000,115271,61057,47670,324214,1253987,10990,58995,584,18098,5554,96618,184,"9,551",4693,382,563,114451,2181,38043,1802,"466,512 ",13632,4941,5814,62380,20102,17444,46343,,9850636,,1.93,
1996,496741," 151,676 ",41720,70857,70352,641245,352406,60554,1820865,10624,89893,549938,266456,601771,2025305,109301,8269,4606,1730,3133,10749,1589,345932,24500,166960,60478,46205,376829,1532405,9627,43010,822,25411,6410,91906,34,"16,251",13004,560,534,114597,5706,68353,1824,"506,893 ",16406,6001,6531,70206,38031,33279,58712,,11078472,,2.03,
1997,495437," 159,055 ",31816,35566,94919,633605,380604,64619,1752911,10447,101895,478986,229553,582906,2409473,114221,5011,3353,1090,3373,9095,630,474355,24457,176033,66503,53125,409832,1827887,13117,62233,1570,39771,8341,107670,27,"6,502",14375,468,332,163169,33386,137956,1138,"645,150 ",22809,6001,7130,103845,174711,14019,65661,,12264590,,2.04,
1998,514566," 195,757 ",88294,77393,108086,710230,397758,77965,1898879,10893,117550,446414,260473,655854,2869234,122672,10399,641,1600,3371,5605,3584,360399,28000,161499,92926,49701,486198,1971671,17141,65870,7766,38571,8618,109248,35,"2,346",25995,320,433,151410,35502,72384,1487,"1,285,124 ",6490,7948,5845,84892,79347,4455,45349,,13784188,,2.11,
1999,507904," 196,227 ",131981,93231,122683,739998,404442,83733,1958730,14521,152017,626965,285621,708028,3101205,140099,4588,2495,450,2247,131,3634,120315,10000,167119,102498,69599,554157,2303683,17304,77104,5223,54711,7162,134530,"3,565","4,958",13293,265,494,123312,33989,58342,1631,"870,645 ",15122,12602,8142,112560,39504,9224,52483,,14264466,,2.17,
2000,424097," 189,652 ",92663,58785,106876,706905,360985,82467,1666762,13353,141506,406116,263712,602096,2544236,127404,2326,2366,150,1968,917,1239,164388,14000,177581,113868,60993,579020,2339360,12804,80989,4375,51823,7816,143920,161,"2,539",7442,324,342,126048,28119,59889,1608,"789,375 ",19802,10001,10977,109789,30214,8901,59287,,12812336,,2.14,
2001,424110," 162,434 ",66431,49772,126009,665697,386022,87713,1653418,15296,162344,470535,272299,618663,2773622,141187,1087,4879,289,3426,1693,1337,224626,13971,189872,92218,62060,581568,2324904,9971,72077,1477,63070,6683,144723,501,"2,824",5068,285,152,126954,23595,63320,1646,"780,402 ",23109,9171,8634,109584,28048,7213,63534,,13129523,,2.16,
2002,433665," 200,965 ",57892,62780,132704,806272,399615,102731,1674950,41564,188925,582310,305124,632031,3026437,152863,1819,5992,299,5237,7641,1755,233449,17516,211966,115560,73845,611091,2654634,1796,59828,1089,68294,1983,122553,"2,168","3,957",7629,345,185,152439,23085,59703,678,"794,776 ",29417,12643,9946,118095,23715,7462,80462,,14323880,,2.17,
2003,514747," 269,630 ",65769,91867,150501,939287,485024,133386,2040199,25076,225364,762000,380424,770209,3535175,198229,1386,10569,529,6079,5814,2266,312631,21743,278992,139213,95509,820562,3408778,1095,68424,763,76067,3150,141732,"2,737","7,253",11654,788,160,172577,33427,59259,1841,"894,479 ",45783,19784,15145,145506,38689,7805,109199,,17548275,,2.16,
2004,603053," 313,502 ",84345,103305,186164,1077385,522623,149880,2286155,30673,279783,814676,398704,792017,4248918,237274,1644,14892,347,7357,5525,4190,388719,19300,366963,152405,103024,908175,3577778,1494,92994,1336,86144,3481,161437,26,"5,709",8984,555,1550,232129,52746,79193,4912,"1,045,772 ",57979,39534,10856,210371,58248,10662,133662,,19978550,,2.14,
2005,594641," 347,198 ",76482,130091,182367,1096295,550171,164885,2202429,28821,296345,876091,424143,761564,4137027,272384,4173,15563,971,10501,9709,9119,509552,28975,426216,188224,108201,1042021,3944567,2367,100614,3656,104717,3971,205084,243,"8,485",12794,548,2634,257175,75132,89032,9425,"1,022,819 ",67655,33068,11575,296145,71227,11435,161804,,20990331,,2.07,
2006,606335," 371,027 ",60607,174666,190643,1180934,589192,173917,2383743,33776,322582,822443,459367,817748,4139239,303119,14700,18864,6895,20422,13077,37671,396920,51053,524219,234097,107820,1263982,4369830,1807,146117,5005,127075,4282,236994,665,"6,710",16418,597,3238,366328,138181,106947,10470,"1,158,128 ",88607,33049,12596,310399,74997,16556,212391,,22766444,,2.02,
2007,734173," 497,366 ",84386,286615,235583,1531460,720407,211729,2697134,42545,370424,1032887,601899,998578,5010178,372659,31311,26801,1898,27582,2061,38540,578715,74860,702468,306350,130928,1470082,4856118,2982,175216,5275,144106,4766,287082,784,"11,384",18454,546,3132,371455,256963,204170,16960,"1,233,622 ",150364,42369,13238,398254,116810,23208,315601,,27472478,,1.93,
2008,817136," 487,261 ",115582,307698,249316,1784817,723446,239271,3013386,50904,269332,1234819,683897,1108117,5149419,429248,16483,26915,37205,33299,1278,89757,721297,81333,866695,431382,136149,1566037,4841338,3545,185836,4441,177530,5581,308252,"2,886","16,957",20087,689,4561,494004,380406,367188,13900,"1,314,504 ",166511,42135,16926,408661,106092,32574,359815,,29945898,,1.83,
2009,729433," 352,992 ",107151,172928,222364,1376405,626403,221772,2759222,40901,273448,1142582,633721,1015231,4315072,393386,11283,21907,256,18468,929,19723,586905,46555,827789,473300,91809,1463845,4189623,8075,196046,2958,144319,6909,276070,"2,906","19,509",17275,615,3197,475545,457357,519861,9140,"1,057,321 ",112450,47356,16859,277517,68303,32823,341064,,26228878,,1.80,
2010,698775," 340,129 ",107457,165423,184653,1268522,658965,221220,2696515,31720,305839,1128138,632364,1049482,4318981,399001,12595,21119,514,19439,3163,27134,822924,43850,902736,458800,106590,1698913,4461891,22961,266434,3387,161698,6909,299564,"2,343","13,236",17363,"1,385",5610,544230,797125,898440,10556,"1,148,930 ",112891,50826,19729,372609,91675,31988,432228,,28098970,,1.73,
2011,849998," 405,116 ",109954,187181,206765,1415893,725122,244499,3252589,34958,314353,1150495,707301,1192158,4781924,458065,14706,21977,727,37950,2435,69205,996589,105817,1091578,470800,81603,1915693,5046034,12364,294665,5552,186411,32524,323914,"3,957","16,418",21872,"1,786",7079,681594,1436334,1259268,22084,"1,306,581 ",118870,78934,21013,478861,123598,44301,577507,,32946972,,1.68,
2012,803631," 384,075 ",107355,212861,216713,1359113,651653,238649,3114278,33043,320258,1139861,703586,1186901,5011885,464141,15113,18538,1527,35144,1386,53566,1060431,105408,1098012,614747,126174,1975859,5058756,4737,300446,7000,190620,11093,361205,5674,13894,24335,1304,9281,759898,1580832,1039180,24821,"1,547,426 ",147260,81208,22415,474121,129883,47405,528689,,33425391,,1.68,
2013,856391," 417,442 ",158357,241037,231498,1423612,724475,249364,3339673,36100,312783,1171018,784119,1260581,4953000,498574,16257,19682,2039,40022,1939,49901,1223964,126800,1306287,637498,132073,2026201,5243102,5603,290219,8204,218600,9742,352900,7724,16880,26040,1125,9646,892347,1555639,1034660,24618,"1,544,620 ",171840,74778,20225,527389,139434,51920,544375,,35012317,,1.64,
2014,832129," 401,904 ",166210,196094,219690,1359201,740976,261840,"3,422,806",40440,289691,1408664,803043,1219362,5044931,689434,17078,32208,2569,31830,1549,44602,1142711,95476,1170762,621381,136155,1938427,5596689,5073,324514,9228,228306,10100,424725,9682,15031,28274,1464,15528,971790,1503342,1089403,19640,"1,606,576 ",182444,78613,24897,628818,147614,52737,496048,,35801700,,1.66,
2015,759615,360603,129172,193395,176239,1116053,631431,222438,2804842,33172,275120,1301339,688858,1074410,4541304,453793,20604,32489,1940,21063,1578,47034,691413,56226,994380,551855,120407,1797217,5623259,7054,291843,11550,224598,9648,328939,8885,10787,29159,1527,11386,511110,2039821,1390930,22939,1463033,189805,94133,33046,525653,146114,49904,398505,,32521616,,1.74,
2016,823207,339335,122244,194932,193075,1107855,634113,230490,2733451,37427,300084,1084000,709000,1076145,4083958,,17489,34158,1218,21163,1764,52447,727863,85914,996713,545845,128488,1775341,5802236,10582,281966,8761,236153,10809,291040,10568,15047,28213,1522,7024,289618,2364540,1552570,20898,1479438,191444,97556,33655,489989,150000,50194,210950,,32069779,,,
2017,947670,361156,152245,212530,234263,1013000,654246,242073,2922959,41211,312413,1302191,727346,1163395,4118905,,21240,32248,1806,24061,1618,63051,1003167,104071,,628562,132703,1885499,5863000,63971,,8795,250049,12052,,9868,24450,28343,1729,8093,,2797588,1533392,24095,1616154,210038,95791,39441,582338,150000,60000,400000,,34344000,,,
2018,1134344,407471,184307,,,1153581,742019,263573,3152022,49870,323882,1367173,783490,,4357678,,23360,35967,3403,,2887,73969,1051033,125256,,644192,143397,1996550,6449227,10794,,11195,271812,12681,,,,,,8758,,2855000,1538652,32870,1688914,244001,96000,36601,600000,150000,71849,400000,,36945230,,,
2019,1007000,,220000,,,,,,2910400,,,1343000,784000,,4250000,,,,,,,,1120000,,,,,1903000,6157000,,,,,,,,,,,,,2430000,,,1762900,,,,,,,,,35615348,,,
2020,,,,,,,,,,,,,,,,,,,,,,,,,,,,,,,,,,,,,,,,,,1950000,,,1639000,,,,,,,,,,,,
,,,,,,,,,,,,,,,,,,,,,,,,,,,,,,,,,,,,,,,,,,,,,,,,,,,,,,,,,
,,,,,,,,,,,,,,,,,,,,,,,,,,,,,,,,,,,,,,,,,,,,,,,,,,,,,,,,,
,,,,,,,,,,,,,,,,,,,,,,,,,,,,,,,,,,,,,,,,,,,,,,,,,,,,,,,,,
,,,,,,,,,,,,,,,,,,,,,,,,,,,,,,,,,,,,,,,,,,,,,,,,,,,,,,,,,
,,,,,,,,,,,,,,,,,,,,,,,,,,,,,,,,,,,,,,,,,,,,,,,,,,,,,,,,,
,,,,,,,,,,,,,,,,,,,,,,,,,,,,,,,,,,,,,,,,,,,,,,,,,,,,,,,,,
,,,,,,,,,,,,,,,,,,,,,,,,,,,,,,,,,,,,,,,,,,,,,,,,,,,,,,,,,
,,,,,,,,,,,,,,,,,,,,,,,,,,,,,,,,,,,,,,,,,,,,,,,,,,,,,,,,,
,,,,,,,,,,,,,,,,,,,,,,,,,,,,,,,,,,,,,,,,,,,,,,,,,,,,,,,,,
,,,,,,,,,,,,,,,,,,,,,,,,,,,,,,,,,,,,,,,,,,,,,,,,,,,,,,,,,
,,,,,,,,,,,,,,,,,,,,,,,,,,,,,,,,,,,,,,,,,,,,,,,,,,,,,,,,,
,,,,,,,,,,,,,,,,,,,,,,,,,,,,,,,,,,,,,,,,,,,,,,,,,,,,,,,,,
,,,,,,,,,,,,,,,,,,,,,,,,,,,,,,,,,,,,,,,,,,,,,,,,,,,,,,,,,
,,,,,,,,,,,,,,,,,,,,,,,,,,,,,,,,,,,,,,,,,,,,,,,,,,,,,,,,,
,,,,,,,,,,,,,,,,,,,,,,,,,,,,,,,,,,,,,,,,,,,,,,,,,,,,,,,,,
,,,,,,,,,,,,,,,,,,,,,,,,,,,,,,,,,,,,,,,,,,,,,,,,,,,,,,,,,
,,,,,,,,,,,,,,,,,,,,,,,,,,,,,,,,,,,,,,,,,,,,,,,,,,,,,,,,,
,,,,,,,,,,,,,,,,,,,,,,,,,,,,,,,,,,,,,,,,,,,,,,,,,,,,,,,,,
,,,,,,,,,,,,,,,,,,,,,,,,,,,,,,,,,,,,,,,,,,,,,,,,,,,,,,,,,
,,,,,,,,,,,,,,,,,,,,,,,,,,,,,,,,,,,,,,,,,,,,,,,,,,,,,,,,,
,,,,,,,,,,,,,,,,,,,,,,,,,,,,,,,,,,,,,,,,,,,,,,,,,,,,,,,,,
,,,,,,,,,,,,,,,,,,,,,,,,,,,,,,,,,,,,,,,,,,,,,,,,,,,,,,,,,
,,,,,,,,,,,,,,,,,,,,,,,,,,,,,,,,,,,,,,,,,,,,,,,,,,,,,,,,,
,,,,,,,,,,,,,,,,,,,,,,,,,,,,,,,,,,,,,,,,,,,,,,,,,,,,,,,,,
,,,,,,,,,,,,,,,,,,,,,,,,,,,,,,,,,,,,,,,,,,,,,,,,,,,,,,,,,
,,,,,,,,,,,,,,,,,,,,,,,,,,,,,,,,,,,,,,,,,,,,,,,,,,,,,,,,,
,,,,,,,,,,,,,,,,,,,,,,,,,,,,,,,,,,,,,,,,,,,,,,,,,,,,,,,,,
,,,,,,,,,,,,,,,,,,,,,,,,,,,,,,,,,,,,,,,,,,,,,,,,,,,,,,,,,
,,,,,,,,,,,,,,,,,,,,,,,,,,,,,,,,,,,,,,,,,,,,,,,,,,,,,,,,,
,,,,,,,,,,,,,,,,,,,,,,,,,,,,,,,,,,,,,,,,,,,,,,,,,,,,,,,,,
,,,,,,,,,,,,,,,,,,,,,,,,,,,,,,,,,,,,,,,,,,,,,,,,,,,,,,,,,
,,,,,,,,,,,,,,,,,,,,,,,,,,,,,,,,,,,,,,,,,,,,,,,,,,,,,,,,,
,,,,,,,,,,,,,,,,,,,,,,,,,,,,,,,,,,,,,,,,,,,,,,,,,,,,,,,,,
,,,,,,,,,,,,,,,,,,,,,,,,,,,,,,,,,,,,,,,,,,,,,,,,,,,,,,,,,
,,,,,,,,,,,,,,,,,,,,,,,,,,,,,,,,,,,,,,,,,,,,,,,,,,,,,,,,,
,,,,,,,,,,,,,,,,,,,,,,,,,,,,,,,,,,,,,,,,,,,,,,,,,,,,,,,,,1866
,,,,,,,,,,,,,,,,,,,,,,,,,,,,,,,,,,,,,,,,,,,,,,,,,,,,,,,,,2033
,,,,,,,,,,,,,,,,,,,,,,,,,,,,,,,,,,,,,,,,,,,,,,,,,,,,,,,,,1811
,,,,,,,,,,,,,,,,,,,,,,,,,,,,,,,,,,,,,,,,,,,,,,,,,,,,,,,,,1851
,,,,,,,,,,,,,,,,,,,,,,,,,,,,,,,,,,,,,,,,,,,,,,,,,,,,,,,,,2233
,,,,,,,,,,,,,,,,,,,,,,,,,,,,,,,,,,,,,,,,,,,,,,,,,,,,,,,,,2451
,,,,,,,,,,,,,,,,,,,,,,,,,,,,,,,,,,,,,,,,,,,,,,,,,,,,,,,,,2272
,,,,,,,,,,,,,,,,,,,,,,,,,,,,,,,,,,,,,,,,,,,,,,,,,,,,,,,,,3074
,,,,,,,,,,,,,,,,,,,,,,,,,,,,,,,,,,,,,,,,,,,,,,,,,,,,,,,,,3371
,,,,,,,,,,,,,,,,,,,,,,,,,,,,,,,,,,,,,,,,,,,,,,,,,,,,,,,,,3394
,,,,,,,,,,,,,,,,,,,,,,,,,,,,,,,,,,,,,,,,,,,,,,,,,,,,,,,,,3718
,,,,,,,,,,,,,,,,,,,,,,,,,,,,,,,,,,,,,,,,,,,,,,,,,,,,,,,,,4636
,,,,,,,,,,,,,,,,,,,,,,,,,,,,,,,,,,,,,,,,,,,,,,,,,,,,,,,,,6668
,,,,,,,,,,,,,,,,,,,,,,,,,,,,,,,,,,,,,,,,,,,,,,,,,,,,,,,,,7549
,,,,,,,,,,,,,,,,,,,,,,,,,,,,,,,,,,,,,,,,,,,,,,,,,,,,,,,,,8379
,,,,,,,,,,,,,,,,,,,,,,,,,,,,,,,,,,,,,,,,,,,,,,,,,,,,,,,,,8014
,,,,,,,,,,,,,,,,,,,,,,,,,,,,,,,,,,,,,,,,,,,,,,,,,,,,,,,,,10844
,,,,,,,,,,,,,,,,,,,,,,,,,,,,,,,,,,,,,,,,,,,,,,,,,,,,,,,,,11248
,,,,,,,,,,,,,,,,,,,,,,,,,,,,,,,,,,,,,,,,,,,,,,,,,,,,,,,,,18806
,,,,,,,,,,,,,,,,,,,,,,,,,,,,,,,,,,,,,,,,,,,,,,,,,,,,,,,,,18396
,,,,,,,,,,,,,,,,,,,,,,,,,,,,,,,,,,,,,,,,,,,,,,,,,,,,,,,,,18317
,,,,,,,,,,,,,,,,,,,,,,,,,,,,,,,,,,,,,,,,,,,,,,,,,,,,,,,,,11566
,,,,,,,,,,,,,,,,,,,,,,,,,,,,,,,,,,,,,,,,,,,,,,,,,,,,,,,,,16229
,,,,,,,,,,,,,,,,,,,,,,,,,,,,,,,,,,,,,,,,,,,,,,,,,,,,,,,,,15028
,,,,,,,,,,,,,,,,,,,,,,,,,,,,,,,,,,,,,,,,,,,,,,,,,,,,,,,,,20704
,,,,,,,,,,,,,,,,,,,,,,,,,,,,,,,,,,,,,,,,,,,,,,,,,,,,,,,,,29370
,,,,,,,,,,,,,,,,,,,,,,,,,,,,,,,,,,,,,,,,,,,,,,,,,,,,,,,,,37428
,,,,,,,,,,,,,,,,,,,,,,,,,,,,,,,,,,,,,,,,,,,,,,,,,,,,,,,,,42172
,,,,,,,,,,,,,,,,,,,,,,,,,,,,,,,,,,,,,,,,,,,,,,,,,,,,,,,,,35349
,,,,,,,,,,,,,,,,,,,,,,,,,,,,,,,,,,,,,,,,,,,,,,,,,,,,,,,,,47549
,,,,,,,,,,,,,,,,,,,,,,,,,,,,,,,,,,,,,,,,,,,,,,,,,,,,,,,,,49439
,,,,,,,,,,,,,,,,,,,,,,,,,,,,,,,,,,,,,,,,,,,,,,,,,,,,,,,,,52883
,,,,,,,,,,,,,,,,,,,,,,,,,,,,,,,,,,,,,,,,,,,,,,,,,,,,,,,,,48335
,,,,,,,,,,,,,,,,,,,,,,,,,,,,,,,,,,,,,,,,,,,,,,,,,,,,,,,,,56865
,,,,,,,,,,,,,,,,,,,,,,,,,,,,,,,,,,,,,,,,,,,,,,,,,,,,,,,,,76254
,,,,,,,,,,,,,,,,,,,,,,,,,,,,,,,,,,,,,,,,,,,,,,,,,,,,,,,,,98071
,,,,,,,,,,,,,,,,,,,,,,,,,,,,,,,,,,,,,,,,,,,,,,,,,,,,,,,,,102820
,,,,,,,,,,,,,,,,,,,,,,,,,,,,,,,,,,,,,,,,,,,,,,,,,,,,,,,,,109782
,,,,,,,,,,,,,,,,,,,,,,,,,,,,,,,,,,,,,,,,,,,,,,,,,,,,,,,,,124068
,,,,,,,,,,,,,,,,,,,,,,,,,,,,,,,,,,,,,,,,,,,,,,,,,,,,,,,,,110737
,,,,,,,,,,,,,,,,,,,,,,,,,,,,,,,,,,,,,,,,,,,,,,,,,,,,,,,,,123354
,,,,,,,,,,,,,,,,,,,,,,,,,,,,,,,,,,,,,,,,,,,,,,,,,,,,,,,,,133644
,,,,,,,,,,,,,,,,,,,,,,,,,,,,,,,,,,,,,,,,,,,,,,,,,,,,,,,,,173861
,,,,,,,,,,,,,,,,,,,,,,,,,,,,,,,,,,,,,,,,,,,,,,,,,,,,,,,,,200479
,,,,,,,,,,,,,,,,,,,,,,,,,,,,,,,,,,,,,,,,,,,,,,,,,,,,,,,,,226616
,,,,,,,,,,,,,,,,,,,,,,,,,,,,,,,,,,,,,,,,,,,,,,,,,,,,,,,,,248882
,,,,,,,,,,,,,,,,,,,,,,,,,,,,,,,,,,,,,,,,,,,,,,,,,,,,,,,,,315045
,,,,,,,,,,,,,,,,,,,,,,,,,,,,,,,,,,,,,,,,,,,,,,,,,,,,,,,,,365876
,,,,,,,,,,,,,,,,,,,,,,,,,,,,,,,,,,,,,,,,,,,,,,,,,,,,,,,,,340176
,,,,,,,,,,,,,,,,,,,,,,,,,,,,,,,,,,,,,,,,,,,,,,,,,,,,,,,,,350292
,,,,,,,,,,,,,,,,,,,,,,,,,,,,,,,,,,,,,,,,,,,,,,,,,,,,,,,,,401732
,,,,,,,,,,,,,,,,,,,,,,,,,,,,,,,,,,,,,,,,,,,,,,,,,,,,,,,,,408747
,,,,,,,,,,,,,,,,,,,,,,,,,,,,,,,,,,,,,,,,,,,,,,,,,,,,,,,,,439375
